--
-- PostgreSQL database dump
--

-- Dumped from database version 15.5 (Ubuntu 15.5-0ubuntu0.23.10.1)
-- Dumped by pg_dump version 15.5 (Ubuntu 15.5-0ubuntu0.23.10.1)

-- Started on 2024-02-26 18:08:42 +08

SET statement_timeout = 0;
SET lock_timeout = 0;
SET idle_in_transaction_session_timeout = 0;
SET client_encoding = 'UTF8';
SET standard_conforming_strings = on;
SELECT pg_catalog.set_config('search_path', '', false);
SET check_function_bodies = false;
SET xmloption = content;
SET client_min_messages = warning;
SET row_security = off;

--
-- TOC entry 3587 (class 1262 OID 17332)
-- Name: siberian_engine; Type: DATABASE; Schema: -; Owner: postgres
--

CREATE DATABASE siberian_engine WITH TEMPLATE = template0 ENCODING = 'UTF8' LOCALE_PROVIDER = libc LOCALE = 'ru_RU.UTF-8';


ALTER DATABASE siberian_engine OWNER TO postgres;

\connect siberian_engine

SET statement_timeout = 0;
SET lock_timeout = 0;
SET idle_in_transaction_session_timeout = 0;
SET client_encoding = 'UTF8';
SET standard_conforming_strings = on;
SELECT pg_catalog.set_config('search_path', '', false);
SET check_function_bodies = false;
SET xmloption = content;
SET client_min_messages = warning;
SET row_security = off;

SET default_tablespace = '';

SET default_table_access_method = heap;

--
-- TOC entry 221 (class 1259 OID 17356)
-- Name: auth_group; Type: TABLE; Schema: public; Owner: postgres
--

CREATE TABLE public.auth_group (
    id integer NOT NULL,
    name character varying(150) NOT NULL
);


ALTER TABLE public.auth_group OWNER TO postgres;

--
-- TOC entry 220 (class 1259 OID 17355)
-- Name: auth_group_id_seq; Type: SEQUENCE; Schema: public; Owner: postgres
--

ALTER TABLE public.auth_group ALTER COLUMN id ADD GENERATED BY DEFAULT AS IDENTITY (
    SEQUENCE NAME public.auth_group_id_seq
    START WITH 1
    INCREMENT BY 1
    NO MINVALUE
    NO MAXVALUE
    CACHE 1
);


--
-- TOC entry 223 (class 1259 OID 17364)
-- Name: auth_group_permissions; Type: TABLE; Schema: public; Owner: postgres
--

CREATE TABLE public.auth_group_permissions (
    id bigint NOT NULL,
    group_id integer NOT NULL,
    permission_id integer NOT NULL
);


ALTER TABLE public.auth_group_permissions OWNER TO postgres;

--
-- TOC entry 222 (class 1259 OID 17363)
-- Name: auth_group_permissions_id_seq; Type: SEQUENCE; Schema: public; Owner: postgres
--

ALTER TABLE public.auth_group_permissions ALTER COLUMN id ADD GENERATED BY DEFAULT AS IDENTITY (
    SEQUENCE NAME public.auth_group_permissions_id_seq
    START WITH 1
    INCREMENT BY 1
    NO MINVALUE
    NO MAXVALUE
    CACHE 1
);


--
-- TOC entry 219 (class 1259 OID 17350)
-- Name: auth_permission; Type: TABLE; Schema: public; Owner: postgres
--

CREATE TABLE public.auth_permission (
    id integer NOT NULL,
    name character varying(255) NOT NULL,
    content_type_id integer NOT NULL,
    codename character varying(100) NOT NULL
);


ALTER TABLE public.auth_permission OWNER TO postgres;

--
-- TOC entry 218 (class 1259 OID 17349)
-- Name: auth_permission_id_seq; Type: SEQUENCE; Schema: public; Owner: postgres
--

ALTER TABLE public.auth_permission ALTER COLUMN id ADD GENERATED BY DEFAULT AS IDENTITY (
    SEQUENCE NAME public.auth_permission_id_seq
    START WITH 1
    INCREMENT BY 1
    NO MINVALUE
    NO MAXVALUE
    CACHE 1
);


--
-- TOC entry 225 (class 1259 OID 17370)
-- Name: auth_user; Type: TABLE; Schema: public; Owner: postgres
--

CREATE TABLE public.auth_user (
    id integer NOT NULL,
    password character varying(128) NOT NULL,
    last_login timestamp with time zone,
    is_superuser boolean NOT NULL,
    username character varying(150) NOT NULL,
    first_name character varying(150) NOT NULL,
    last_name character varying(150) NOT NULL,
    email character varying(254) NOT NULL,
    is_staff boolean NOT NULL,
    is_active boolean NOT NULL,
    date_joined timestamp with time zone NOT NULL
);


ALTER TABLE public.auth_user OWNER TO postgres;

--
-- TOC entry 227 (class 1259 OID 17378)
-- Name: auth_user_groups; Type: TABLE; Schema: public; Owner: postgres
--

CREATE TABLE public.auth_user_groups (
    id bigint NOT NULL,
    user_id integer NOT NULL,
    group_id integer NOT NULL
);


ALTER TABLE public.auth_user_groups OWNER TO postgres;

--
-- TOC entry 226 (class 1259 OID 17377)
-- Name: auth_user_groups_id_seq; Type: SEQUENCE; Schema: public; Owner: postgres
--

ALTER TABLE public.auth_user_groups ALTER COLUMN id ADD GENERATED BY DEFAULT AS IDENTITY (
    SEQUENCE NAME public.auth_user_groups_id_seq
    START WITH 1
    INCREMENT BY 1
    NO MINVALUE
    NO MAXVALUE
    CACHE 1
);


--
-- TOC entry 224 (class 1259 OID 17369)
-- Name: auth_user_id_seq; Type: SEQUENCE; Schema: public; Owner: postgres
--

ALTER TABLE public.auth_user ALTER COLUMN id ADD GENERATED BY DEFAULT AS IDENTITY (
    SEQUENCE NAME public.auth_user_id_seq
    START WITH 1
    INCREMENT BY 1
    NO MINVALUE
    NO MAXVALUE
    CACHE 1
);


--
-- TOC entry 229 (class 1259 OID 17384)
-- Name: auth_user_user_permissions; Type: TABLE; Schema: public; Owner: postgres
--

CREATE TABLE public.auth_user_user_permissions (
    id bigint NOT NULL,
    user_id integer NOT NULL,
    permission_id integer NOT NULL
);


ALTER TABLE public.auth_user_user_permissions OWNER TO postgres;

--
-- TOC entry 228 (class 1259 OID 17383)
-- Name: auth_user_user_permissions_id_seq; Type: SEQUENCE; Schema: public; Owner: postgres
--

ALTER TABLE public.auth_user_user_permissions ALTER COLUMN id ADD GENERATED BY DEFAULT AS IDENTITY (
    SEQUENCE NAME public.auth_user_user_permissions_id_seq
    START WITH 1
    INCREMENT BY 1
    NO MINVALUE
    NO MAXVALUE
    CACHE 1
);


--
-- TOC entry 233 (class 1259 OID 17471)
-- Name: core_carbrand; Type: TABLE; Schema: public; Owner: postgres
--

CREATE TABLE public.core_carbrand (
    id bigint NOT NULL,
    title character varying(50) NOT NULL
);


ALTER TABLE public.core_carbrand OWNER TO postgres;

--
-- TOC entry 232 (class 1259 OID 17470)
-- Name: core_carbrand_id_seq; Type: SEQUENCE; Schema: public; Owner: postgres
--

ALTER TABLE public.core_carbrand ALTER COLUMN id ADD GENERATED BY DEFAULT AS IDENTITY (
    SEQUENCE NAME public.core_carbrand_id_seq
    START WITH 1
    INCREMENT BY 1
    NO MINVALUE
    NO MAXVALUE
    CACHE 1
);


--
-- TOC entry 235 (class 1259 OID 17477)
-- Name: core_categoryoperations; Type: TABLE; Schema: public; Owner: postgres
--

CREATE TABLE public.core_categoryoperations (
    id bigint NOT NULL,
    title character varying(50) NOT NULL,
    slug character varying(50) NOT NULL
);


ALTER TABLE public.core_categoryoperations OWNER TO postgres;

--
-- TOC entry 234 (class 1259 OID 17476)
-- Name: core_categoryoperations_id_seq; Type: SEQUENCE; Schema: public; Owner: postgres
--

ALTER TABLE public.core_categoryoperations ALTER COLUMN id ADD GENERATED BY DEFAULT AS IDENTITY (
    SEQUENCE NAME public.core_categoryoperations_id_seq
    START WITH 1
    INCREMENT BY 1
    NO MINVALUE
    NO MAXVALUE
    CACHE 1
);


--
-- TOC entry 237 (class 1259 OID 17483)
-- Name: core_engine; Type: TABLE; Schema: public; Owner: postgres
--

CREATE TABLE public.core_engine (
    id bigint NOT NULL,
    title character varying(100) NOT NULL,
    count_of_cylinders integer NOT NULL,
    count_of_valves integer NOT NULL,
    engine_type character varying NOT NULL,
    slug character varying(50) NOT NULL,
    brand_id bigint
);


ALTER TABLE public.core_engine OWNER TO postgres;

--
-- TOC entry 236 (class 1259 OID 17482)
-- Name: core_engine_id_seq; Type: SEQUENCE; Schema: public; Owner: postgres
--

ALTER TABLE public.core_engine ALTER COLUMN id ADD GENERATED BY DEFAULT AS IDENTITY (
    SEQUENCE NAME public.core_engine_id_seq
    START WITH 1
    INCREMENT BY 1
    NO MINVALUE
    NO MAXVALUE
    CACHE 1
);


--
-- TOC entry 239 (class 1259 OID 17491)
-- Name: core_operation; Type: TABLE; Schema: public; Owner: postgres
--

CREATE TABLE public.core_operation (
    id bigint NOT NULL,
    title character varying(125) NOT NULL,
    price integer NOT NULL,
    slug character varying(50) NOT NULL,
    category_id bigint NOT NULL,
    engine_id bigint,
    CONSTRAINT core_operation_price_check CHECK ((price >= 0))
);


ALTER TABLE public.core_operation OWNER TO postgres;

--
-- TOC entry 238 (class 1259 OID 17490)
-- Name: core_operation_id_seq; Type: SEQUENCE; Schema: public; Owner: postgres
--

ALTER TABLE public.core_operation ALTER COLUMN id ADD GENERATED BY DEFAULT AS IDENTITY (
    SEQUENCE NAME public.core_operation_id_seq
    START WITH 1
    INCREMENT BY 1
    NO MINVALUE
    NO MAXVALUE
    CACHE 1
);


--
-- TOC entry 241 (class 1259 OID 17498)
-- Name: core_order; Type: TABLE; Schema: public; Owner: postgres
--

CREATE TABLE public.core_order (
    id integer NOT NULL,
    customer_name character varying(50) NOT NULL,
    customer_phone_number character varying(12) NOT NULL,
    total_amount integer NOT NULL,
    comments text,
    accept_date timestamp with time zone NOT NULL,
    complete_date timestamp with time zone,
    engine_id bigint,
    status character varying NOT NULL,
    CONSTRAINT core_order_total_amount_check CHECK ((total_amount >= 0))
);


ALTER TABLE public.core_order OWNER TO postgres;

--
-- TOC entry 240 (class 1259 OID 17497)
-- Name: core_order_id_seq; Type: SEQUENCE; Schema: public; Owner: postgres
--

ALTER TABLE public.core_order ALTER COLUMN id ADD GENERATED BY DEFAULT AS IDENTITY (
    SEQUENCE NAME public.core_order_id_seq
    START WITH 1
    INCREMENT BY 1
    NO MINVALUE
    NO MAXVALUE
    CACHE 1
);


--
-- TOC entry 243 (class 1259 OID 17507)
-- Name: core_order_operation; Type: TABLE; Schema: public; Owner: postgres
--

CREATE TABLE public.core_order_operation (
    id bigint NOT NULL,
    order_id integer NOT NULL,
    operation_id bigint NOT NULL
);


ALTER TABLE public.core_order_operation OWNER TO postgres;

--
-- TOC entry 242 (class 1259 OID 17506)
-- Name: core_order_operation_id_seq; Type: SEQUENCE; Schema: public; Owner: postgres
--

ALTER TABLE public.core_order_operation ALTER COLUMN id ADD GENERATED BY DEFAULT AS IDENTITY (
    SEQUENCE NAME public.core_order_operation_id_seq
    START WITH 1
    INCREMENT BY 1
    NO MINVALUE
    NO MAXVALUE
    CACHE 1
);


--
-- TOC entry 231 (class 1259 OID 17442)
-- Name: django_admin_log; Type: TABLE; Schema: public; Owner: postgres
--

CREATE TABLE public.django_admin_log (
    id integer NOT NULL,
    action_time timestamp with time zone NOT NULL,
    object_id text,
    object_repr character varying(200) NOT NULL,
    action_flag smallint NOT NULL,
    change_message text NOT NULL,
    content_type_id integer,
    user_id integer NOT NULL,
    CONSTRAINT django_admin_log_action_flag_check CHECK ((action_flag >= 0))
);


ALTER TABLE public.django_admin_log OWNER TO postgres;

--
-- TOC entry 230 (class 1259 OID 17441)
-- Name: django_admin_log_id_seq; Type: SEQUENCE; Schema: public; Owner: postgres
--

ALTER TABLE public.django_admin_log ALTER COLUMN id ADD GENERATED BY DEFAULT AS IDENTITY (
    SEQUENCE NAME public.django_admin_log_id_seq
    START WITH 1
    INCREMENT BY 1
    NO MINVALUE
    NO MAXVALUE
    CACHE 1
);


--
-- TOC entry 217 (class 1259 OID 17342)
-- Name: django_content_type; Type: TABLE; Schema: public; Owner: postgres
--

CREATE TABLE public.django_content_type (
    id integer NOT NULL,
    app_label character varying(100) NOT NULL,
    model character varying(100) NOT NULL
);


ALTER TABLE public.django_content_type OWNER TO postgres;

--
-- TOC entry 216 (class 1259 OID 17341)
-- Name: django_content_type_id_seq; Type: SEQUENCE; Schema: public; Owner: postgres
--

ALTER TABLE public.django_content_type ALTER COLUMN id ADD GENERATED BY DEFAULT AS IDENTITY (
    SEQUENCE NAME public.django_content_type_id_seq
    START WITH 1
    INCREMENT BY 1
    NO MINVALUE
    NO MAXVALUE
    CACHE 1
);


--
-- TOC entry 215 (class 1259 OID 17334)
-- Name: django_migrations; Type: TABLE; Schema: public; Owner: postgres
--

CREATE TABLE public.django_migrations (
    id bigint NOT NULL,
    app character varying(255) NOT NULL,
    name character varying(255) NOT NULL,
    applied timestamp with time zone NOT NULL
);


ALTER TABLE public.django_migrations OWNER TO postgres;

--
-- TOC entry 214 (class 1259 OID 17333)
-- Name: django_migrations_id_seq; Type: SEQUENCE; Schema: public; Owner: postgres
--

ALTER TABLE public.django_migrations ALTER COLUMN id ADD GENERATED BY DEFAULT AS IDENTITY (
    SEQUENCE NAME public.django_migrations_id_seq
    START WITH 1
    INCREMENT BY 1
    NO MINVALUE
    NO MAXVALUE
    CACHE 1
);


--
-- TOC entry 244 (class 1259 OID 17554)
-- Name: django_session; Type: TABLE; Schema: public; Owner: postgres
--

CREATE TABLE public.django_session (
    session_key character varying(40) NOT NULL,
    session_data text NOT NULL,
    expire_date timestamp with time zone NOT NULL
);


ALTER TABLE public.django_session OWNER TO postgres;

--
-- TOC entry 3558 (class 0 OID 17356)
-- Dependencies: 221
-- Data for Name: auth_group; Type: TABLE DATA; Schema: public; Owner: postgres
--



--
-- TOC entry 3560 (class 0 OID 17364)
-- Dependencies: 223
-- Data for Name: auth_group_permissions; Type: TABLE DATA; Schema: public; Owner: postgres
--



--
-- TOC entry 3556 (class 0 OID 17350)
-- Dependencies: 219
-- Data for Name: auth_permission; Type: TABLE DATA; Schema: public; Owner: postgres
--

INSERT INTO public.auth_permission VALUES (1, 'Can add log entry', 1, 'add_logentry');
INSERT INTO public.auth_permission VALUES (2, 'Can change log entry', 1, 'change_logentry');
INSERT INTO public.auth_permission VALUES (3, 'Can delete log entry', 1, 'delete_logentry');
INSERT INTO public.auth_permission VALUES (4, 'Can view log entry', 1, 'view_logentry');
INSERT INTO public.auth_permission VALUES (5, 'Can add permission', 2, 'add_permission');
INSERT INTO public.auth_permission VALUES (6, 'Can change permission', 2, 'change_permission');
INSERT INTO public.auth_permission VALUES (7, 'Can delete permission', 2, 'delete_permission');
INSERT INTO public.auth_permission VALUES (8, 'Can view permission', 2, 'view_permission');
INSERT INTO public.auth_permission VALUES (9, 'Can add group', 3, 'add_group');
INSERT INTO public.auth_permission VALUES (10, 'Can change group', 3, 'change_group');
INSERT INTO public.auth_permission VALUES (11, 'Can delete group', 3, 'delete_group');
INSERT INTO public.auth_permission VALUES (12, 'Can view group', 3, 'view_group');
INSERT INTO public.auth_permission VALUES (13, 'Can add user', 4, 'add_user');
INSERT INTO public.auth_permission VALUES (14, 'Can change user', 4, 'change_user');
INSERT INTO public.auth_permission VALUES (15, 'Can delete user', 4, 'delete_user');
INSERT INTO public.auth_permission VALUES (16, 'Can view user', 4, 'view_user');
INSERT INTO public.auth_permission VALUES (17, 'Can add content type', 5, 'add_contenttype');
INSERT INTO public.auth_permission VALUES (18, 'Can change content type', 5, 'change_contenttype');
INSERT INTO public.auth_permission VALUES (19, 'Can delete content type', 5, 'delete_contenttype');
INSERT INTO public.auth_permission VALUES (20, 'Can view content type', 5, 'view_contenttype');
INSERT INTO public.auth_permission VALUES (21, 'Can add session', 6, 'add_session');
INSERT INTO public.auth_permission VALUES (22, 'Can change session', 6, 'change_session');
INSERT INTO public.auth_permission VALUES (23, 'Can delete session', 6, 'delete_session');
INSERT INTO public.auth_permission VALUES (24, 'Can view session', 6, 'view_session');
INSERT INTO public.auth_permission VALUES (25, 'Can add брэнд автомобиля', 7, 'add_carbrand');
INSERT INTO public.auth_permission VALUES (26, 'Can change брэнд автомобиля', 7, 'change_carbrand');
INSERT INTO public.auth_permission VALUES (27, 'Can delete брэнд автомобиля', 7, 'delete_carbrand');
INSERT INTO public.auth_permission VALUES (28, 'Can view брэнд автомобиля', 7, 'view_carbrand');
INSERT INTO public.auth_permission VALUES (29, 'Can add категория', 8, 'add_categoryoperations');
INSERT INTO public.auth_permission VALUES (30, 'Can change категория', 8, 'change_categoryoperations');
INSERT INTO public.auth_permission VALUES (31, 'Can delete категория', 8, 'delete_categoryoperations');
INSERT INTO public.auth_permission VALUES (32, 'Can view категория', 8, 'view_categoryoperations');
INSERT INTO public.auth_permission VALUES (33, 'Can add двигатель', 9, 'add_engine');
INSERT INTO public.auth_permission VALUES (34, 'Can change двигатель', 9, 'change_engine');
INSERT INTO public.auth_permission VALUES (35, 'Can delete двигатель', 9, 'delete_engine');
INSERT INTO public.auth_permission VALUES (36, 'Can view двигатель', 9, 'view_engine');
INSERT INTO public.auth_permission VALUES (37, 'Can add операция', 10, 'add_operation');
INSERT INTO public.auth_permission VALUES (38, 'Can change операция', 10, 'change_operation');
INSERT INTO public.auth_permission VALUES (39, 'Can delete операция', 10, 'delete_operation');
INSERT INTO public.auth_permission VALUES (40, 'Can view операция', 10, 'view_operation');
INSERT INTO public.auth_permission VALUES (41, 'Can add заказ', 11, 'add_order');
INSERT INTO public.auth_permission VALUES (42, 'Can change заказ', 11, 'change_order');
INSERT INTO public.auth_permission VALUES (43, 'Can delete заказ', 11, 'delete_order');
INSERT INTO public.auth_permission VALUES (44, 'Can view заказ', 11, 'view_order');


--
-- TOC entry 3562 (class 0 OID 17370)
-- Dependencies: 225
-- Data for Name: auth_user; Type: TABLE DATA; Schema: public; Owner: postgres
--

INSERT INTO public.auth_user VALUES (1, 'pbkdf2_sha256$600000$I3RaK5vMg8odoKWGbqDDsI$3xQQNQkQuYM1tepcFX7Z6yRpM70p0PSxAc+gg7id+v0=', '2024-02-10 14:48:05.767115+08', true, 'Maestro', '', '', '', true, true, '2024-02-10 14:47:40.389107+08');


--
-- TOC entry 3564 (class 0 OID 17378)
-- Dependencies: 227
-- Data for Name: auth_user_groups; Type: TABLE DATA; Schema: public; Owner: postgres
--



--
-- TOC entry 3566 (class 0 OID 17384)
-- Dependencies: 229
-- Data for Name: auth_user_user_permissions; Type: TABLE DATA; Schema: public; Owner: postgres
--



--
-- TOC entry 3570 (class 0 OID 17471)
-- Dependencies: 233
-- Data for Name: core_carbrand; Type: TABLE DATA; Schema: public; Owner: postgres
--

INSERT INTO public.core_carbrand VALUES (1, 'Toyota');
INSERT INTO public.core_carbrand VALUES (2, 'Nissan');
INSERT INTO public.core_carbrand VALUES (3, 'Honda');
INSERT INTO public.core_carbrand VALUES (4, 'Subaru');
INSERT INTO public.core_carbrand VALUES (5, 'ВАЗ');
INSERT INTO public.core_carbrand VALUES (6, 'ЯМЗ');
INSERT INTO public.core_carbrand VALUES (7, 'Volkswagen');
INSERT INTO public.core_carbrand VALUES (8, 'Volvo');
INSERT INTO public.core_carbrand VALUES (9, 'Ssang Young');
INSERT INTO public.core_carbrand VALUES (10, 'Mitsubishi');


--
-- TOC entry 3572 (class 0 OID 17477)
-- Dependencies: 235
-- Data for Name: core_categoryoperations; Type: TABLE DATA; Schema: public; Owner: postgres
--

INSERT INTO public.core_categoryoperations VALUES (1, 'Блок двигателя', 'blok-dvigatelya');
INSERT INTO public.core_categoryoperations VALUES (2, 'ГБЦ', 'gbc');
INSERT INTO public.core_categoryoperations VALUES (3, 'Шатун', 'shatun');
INSERT INTO public.core_categoryoperations VALUES (4, 'Коленвал', 'kolenval');
INSERT INTO public.core_categoryoperations VALUES (5, 'Дополнительные операции', 'dopolnitelnye-operacii');


--
-- TOC entry 3574 (class 0 OID 17483)
-- Dependencies: 237
-- Data for Name: core_engine; Type: TABLE DATA; Schema: public; Owner: postgres
--

INSERT INTO public.core_engine VALUES (1, '1NZ', 4, 16, 'C', '1nz', 1);
INSERT INTO public.core_engine VALUES (2, '3S', 4, 16, 'C', '3s', 1);
INSERT INTO public.core_engine VALUES (3, '1JZ', 6, 24, 'C', '1jz', 1);
INSERT INTO public.core_engine VALUES (4, '2106', 4, 8, 'C', '2106', 5);
INSERT INTO public.core_engine VALUES (5, '238', 8, 16, 'TE', '238', 6);
INSERT INTO public.core_engine VALUES (6, 'CGNA', 8, 32, 'C', 'cgna', 7);
INSERT INTO public.core_engine VALUES (7, 'K24', 4, 16, 'C', 'k24', 3);
INSERT INTO public.core_engine VALUES (8, 'VQ56', 8, 32, 'C', 'vq56', 2);
INSERT INTO public.core_engine VALUES (9, '21213', 4, 8, 'C', '21213', 5);


--
-- TOC entry 3576 (class 0 OID 17491)
-- Dependencies: 239
-- Data for Name: core_operation; Type: TABLE DATA; Schema: public; Owner: postgres
--

INSERT INTO public.core_operation VALUES (3, 'Проверка на герметичность', 1300, 'proverka-na-germetichnost', 5, 2);
INSERT INTO public.core_operation VALUES (4, 'Обработка плоскости ГБЦ', 1500, 'obrabotka-ploskosti-gbc', 5, 2);
INSERT INTO public.core_operation VALUES (1, 'Мойка блока', 1000, 'mojka-bloka', 5, 2);
INSERT INTO public.core_operation VALUES (2, 'Мойка - разборка ГБЦ', 1500, 'mojka-razborka-gbc', 5, 2);
INSERT INTO public.core_operation VALUES (5, 'Адаптация клапанов', 1500, 'adaptaciya-klapanov', 2, 2);
INSERT INTO public.core_operation VALUES (6, 'Сборка - регулировка', 3200, 'sborka-regulirovka', 2, 2);
INSERT INTO public.core_operation VALUES (7, 'Расточка цилиндров блока', 2500, 'rastochka-cilindrov-bloka', 1, 2);
INSERT INTO public.core_operation VALUES (8, 'Мойка - разборка ГБЦ', 1800, 'mojka-razborka-gbc', 5, 5);
INSERT INTO public.core_operation VALUES (9, 'Обработка плоскости ГБЦ', 1700, 'obrabotka-ploskosti-gbc', 5, 5);
INSERT INTO public.core_operation VALUES (10, 'Адаптация клапанов', 1100, 'adaptaciya-klapanov', 2, 5);
INSERT INTO public.core_operation VALUES (11, 'Сборка ГБЦ', 1800, 'sborka-gbc', 2, 5);
INSERT INTO public.core_operation VALUES (12, 'Адаптация клапанов', 1800, 'adaptaciya-klapanov', 2, 6);


--
-- TOC entry 3578 (class 0 OID 17498)
-- Dependencies: 241
-- Data for Name: core_order; Type: TABLE DATA; Schema: public; Owner: postgres
--

INSERT INTO public.core_order VALUES (7, 'Лосев Евгений', '+79501271299', 12500, '', '2024-02-19 20:57:26+08', NULL, 2, 'В работе');
INSERT INTO public.core_order VALUES (8, 'БайкалАвтоТрак', '+79501271299', 6400, '', '2024-02-10 17:00:40+08', NULL, 5, 'Принят');


--
-- TOC entry 3580 (class 0 OID 17507)
-- Dependencies: 243
-- Data for Name: core_order_operation; Type: TABLE DATA; Schema: public; Owner: postgres
--

INSERT INTO public.core_order_operation VALUES (43, 7, 1);
INSERT INTO public.core_order_operation VALUES (44, 7, 2);
INSERT INTO public.core_order_operation VALUES (45, 7, 3);
INSERT INTO public.core_order_operation VALUES (46, 7, 4);
INSERT INTO public.core_order_operation VALUES (47, 7, 5);
INSERT INTO public.core_order_operation VALUES (48, 7, 6);
INSERT INTO public.core_order_operation VALUES (49, 7, 7);
INSERT INTO public.core_order_operation VALUES (50, 8, 8);
INSERT INTO public.core_order_operation VALUES (51, 8, 9);
INSERT INTO public.core_order_operation VALUES (52, 8, 10);
INSERT INTO public.core_order_operation VALUES (53, 8, 11);


--
-- TOC entry 3568 (class 0 OID 17442)
-- Dependencies: 231
-- Data for Name: django_admin_log; Type: TABLE DATA; Schema: public; Owner: postgres
--

INSERT INTO public.django_admin_log VALUES (1, '2024-02-10 14:48:14.290103+08', '1', 'CarBrand object (1)', 1, '[{"added": {}}]', 7, 1);
INSERT INTO public.django_admin_log VALUES (2, '2024-02-10 14:48:20.593955+08', '2', 'CarBrand object (2)', 1, '[{"added": {}}]', 7, 1);
INSERT INTO public.django_admin_log VALUES (3, '2024-02-10 14:48:23.954741+08', '3', 'CarBrand object (3)', 1, '[{"added": {}}]', 7, 1);
INSERT INTO public.django_admin_log VALUES (4, '2024-02-10 14:48:29.160485+08', '4', 'CarBrand object (4)', 1, '[{"added": {}}]', 7, 1);
INSERT INTO public.django_admin_log VALUES (5, '2024-02-10 14:48:43.874597+08', '5', 'CarBrand object (5)', 1, '[{"added": {}}]', 7, 1);
INSERT INTO public.django_admin_log VALUES (6, '2024-02-10 14:49:19.978067+08', '1', '1NZ', 1, '[{"added": {}}]', 9, 1);
INSERT INTO public.django_admin_log VALUES (7, '2024-02-10 14:49:33.009348+08', '2', '3S', 1, '[{"added": {}}]', 9, 1);
INSERT INTO public.django_admin_log VALUES (8, '2024-02-10 14:52:22.635464+08', '1', '1NZ', 2, '[{"changed": {"fields": ["\u0411\u0440\u044d\u043d\u0434"]}}]', 9, 1);
INSERT INTO public.django_admin_log VALUES (9, '2024-02-10 14:52:26.236022+08', '2', '3S', 2, '[{"changed": {"fields": ["\u0411\u0440\u044d\u043d\u0434"]}}]', 9, 1);
INSERT INTO public.django_admin_log VALUES (10, '2024-02-10 14:53:10.056212+08', '2', '3S', 2, '[]', 9, 1);
INSERT INTO public.django_admin_log VALUES (11, '2024-02-10 14:53:34.506666+08', '3', '1JZ', 1, '[{"added": {}}]', 9, 1);
INSERT INTO public.django_admin_log VALUES (12, '2024-02-10 14:53:54.83143+08', '4', '2106', 1, '[{"added": {}}]', 9, 1);
INSERT INTO public.django_admin_log VALUES (13, '2024-02-10 14:54:32.731376+08', '6', 'ЯМЗ', 1, '[{"added": {}}]', 7, 1);
INSERT INTO public.django_admin_log VALUES (14, '2024-02-10 14:55:09.162882+08', '5', '238', 1, '[{"added": {}}]', 9, 1);
INSERT INTO public.django_admin_log VALUES (15, '2024-02-10 14:55:57.071728+08', '1', 'Блок двигателя', 1, '[{"added": {}}]', 8, 1);
INSERT INTO public.django_admin_log VALUES (16, '2024-02-10 14:56:05.026212+08', '2', 'ГБЦ', 1, '[{"added": {}}]', 8, 1);
INSERT INTO public.django_admin_log VALUES (17, '2024-02-10 14:56:13.687402+08', '3', 'Шатун', 1, '[{"added": {}}]', 8, 1);
INSERT INTO public.django_admin_log VALUES (18, '2024-02-10 14:56:21.150275+08', '4', 'Коленвал', 1, '[{"added": {}}]', 8, 1);
INSERT INTO public.django_admin_log VALUES (19, '2024-02-10 14:56:34.635148+08', '5', 'Дополнительные операции', 1, '[{"added": {}}]', 8, 1);
INSERT INTO public.django_admin_log VALUES (20, '2024-02-10 14:57:02.516639+08', '1', 'Мойка блока', 1, '[{"added": {}}]', 10, 1);
INSERT INTO public.django_admin_log VALUES (21, '2024-02-10 14:57:42.879247+08', '2', 'Мойка - разборка ГБЦ', 1, '[{"added": {}}]', 10, 1);
INSERT INTO public.django_admin_log VALUES (22, '2024-02-10 14:57:48.286423+08', '1', 'Мойка блока', 2, '[{"changed": {"fields": ["\u0426\u0435\u043d\u0430"]}}]', 10, 1);
INSERT INTO public.django_admin_log VALUES (23, '2024-02-10 14:58:47.566144+08', '3', 'Проверка на герметичность', 1, '[{"added": {}}]', 10, 1);
INSERT INTO public.django_admin_log VALUES (24, '2024-02-10 15:00:43.167347+08', '4', 'Обработка плоскости ГБЦ', 1, '[{"added": {}}]', 10, 1);
INSERT INTO public.django_admin_log VALUES (25, '2024-02-10 15:00:53.843837+08', '1', 'Мойка блока', 2, '[{"changed": {"fields": ["\u041a\u0430\u0442\u0435\u0433\u043e\u0440\u0438\u044f"]}}]', 10, 1);
INSERT INTO public.django_admin_log VALUES (26, '2024-02-10 15:00:57.325776+08', '2', 'Мойка - разборка ГБЦ', 2, '[{"changed": {"fields": ["\u041a\u0430\u0442\u0435\u0433\u043e\u0440\u0438\u044f"]}}]', 10, 1);
INSERT INTO public.django_admin_log VALUES (27, '2024-02-10 15:01:12.650966+08', '5', 'Адаптация клапанов', 1, '[{"added": {}}]', 10, 1);
INSERT INTO public.django_admin_log VALUES (28, '2024-02-10 15:01:31.616398+08', '6', 'Сборка - регулировка', 1, '[{"added": {}}]', 10, 1);
INSERT INTO public.django_admin_log VALUES (29, '2024-02-10 15:02:23.394472+08', '7', 'Расточка цилиндров блока', 1, '[{"added": {}}]', 10, 1);
INSERT INTO public.django_admin_log VALUES (30, '2024-02-10 15:02:50.724169+08', '8', 'Мойка - разборка ГБЦ', 1, '[{"added": {}}]', 10, 1);
INSERT INTO public.django_admin_log VALUES (31, '2024-02-10 15:03:15.176617+08', '9', 'Обработка плоскости ГБЦ', 1, '[{"added": {}}]', 10, 1);
INSERT INTO public.django_admin_log VALUES (32, '2024-02-10 15:03:45.711973+08', '10', 'Адаптация клапанов', 1, '[{"added": {}}]', 10, 1);
INSERT INTO public.django_admin_log VALUES (33, '2024-02-10 15:06:06.173295+08', '11', 'Сборка ГБЦ', 1, '[{"added": {}}]', 10, 1);
INSERT INTO public.django_admin_log VALUES (34, '2024-02-10 15:34:15.641247+08', '3', '3 БайкалАвтоТрак', 1, '[{"added": {}}]', 11, 1);
INSERT INTO public.django_admin_log VALUES (35, '2024-02-10 15:34:33.936093+08', '3', '3 БайкалАвтоТрак', 2, '[]', 11, 1);
INSERT INTO public.django_admin_log VALUES (36, '2024-02-10 15:35:11.110662+08', '4', '4 CustomRace', 1, '[{"added": {}}]', 11, 1);
INSERT INTO public.django_admin_log VALUES (37, '2024-02-10 15:35:17.645521+08', '4', '4 CustomRace', 3, '', 11, 1);
INSERT INTO public.django_admin_log VALUES (38, '2024-02-10 15:35:35.264569+08', '5', '5 Лосев Евгений', 1, '[{"added": {}}]', 11, 1);
INSERT INTO public.django_admin_log VALUES (39, '2024-02-10 15:35:40.171294+08', '5', '5 Лосев Евгений', 3, '', 11, 1);
INSERT INTO public.django_admin_log VALUES (40, '2024-02-10 16:43:00.537485+08', '3', '3 БайкалАвтоТрак', 2, '[]', 11, 1);
INSERT INTO public.django_admin_log VALUES (41, '2024-02-10 16:44:10.217381+08', '3', '3 БайкалАвтоТрак', 2, '[]', 11, 1);
INSERT INTO public.django_admin_log VALUES (42, '2024-02-10 16:47:03.889089+08', '3', '3 БайкалАвтоТрак', 2, '[]', 11, 1);
INSERT INTO public.django_admin_log VALUES (43, '2024-02-10 16:47:44.774735+08', '3', '3 БайкалАвтоТрак', 2, '[]', 11, 1);
INSERT INTO public.django_admin_log VALUES (44, '2024-02-10 16:47:57.216159+08', '3', '3 БайкалАвтоТрак', 2, '[]', 11, 1);
INSERT INTO public.django_admin_log VALUES (45, '2024-02-10 16:48:20.817219+08', '3', '3 БайкалАвтоТрак', 2, '[]', 11, 1);
INSERT INTO public.django_admin_log VALUES (46, '2024-02-10 16:50:53.00966+08', '3', '3 БайкалАвтоТрак', 2, '[]', 11, 1);
INSERT INTO public.django_admin_log VALUES (47, '2024-02-10 16:51:14.452281+08', '3', '3 БайкалАвтоТрак', 2, '[]', 11, 1);
INSERT INTO public.django_admin_log VALUES (48, '2024-02-10 16:51:23.242124+08', '3', '3 БайкалАвтоТрак', 2, '[]', 11, 1);
INSERT INTO public.django_admin_log VALUES (49, '2024-02-10 16:51:28.429684+08', '3', '3 БайкалАвтоТрак', 2, '[]', 11, 1);
INSERT INTO public.django_admin_log VALUES (50, '2024-02-10 16:52:13.159366+08', '3', '3 БайкалАвтоТрак', 2, '[]', 11, 1);
INSERT INTO public.django_admin_log VALUES (51, '2024-02-10 16:53:17.503052+08', '3', '3 БайкалАвтоТрак', 2, '[]', 11, 1);
INSERT INTO public.django_admin_log VALUES (52, '2024-02-10 16:53:28.850458+08', '3', '3 БайкалАвтоТрак', 2, '[]', 11, 1);
INSERT INTO public.django_admin_log VALUES (53, '2024-02-10 16:53:32.1749+08', '3', '3 БайкалАвтоТрак', 2, '[]', 11, 1);
INSERT INTO public.django_admin_log VALUES (54, '2024-02-10 16:53:41.930898+08', '3', '3 БайкалАвтоТрак', 2, '[]', 11, 1);
INSERT INTO public.django_admin_log VALUES (55, '2024-02-10 16:53:44.644652+08', '3', '3 БайкалАвтоТрак', 2, '[]', 11, 1);
INSERT INTO public.django_admin_log VALUES (56, '2024-02-10 16:54:12.95402+08', '3', '3 БайкалАвтоТрак', 2, '[]', 11, 1);
INSERT INTO public.django_admin_log VALUES (57, '2024-02-10 16:54:41.366139+08', '3', '3 БайкалАвтоТрак', 2, '[]', 11, 1);
INSERT INTO public.django_admin_log VALUES (58, '2024-02-10 16:55:22.057954+08', '3', '3 БайкалАвтоТрак', 2, '[]', 11, 1);
INSERT INTO public.django_admin_log VALUES (59, '2024-02-10 16:55:27.562217+08', '3', '3 БайкалАвтоТрак', 2, '[]', 11, 1);
INSERT INTO public.django_admin_log VALUES (60, '2024-02-10 16:55:53.806598+08', '3', '3 БайкалАвтоТрак', 2, '[]', 11, 1);
INSERT INTO public.django_admin_log VALUES (61, '2024-02-10 16:55:56.815817+08', '3', '3 БайкалАвтоТрак', 2, '[]', 11, 1);
INSERT INTO public.django_admin_log VALUES (62, '2024-02-10 16:56:38.746558+08', '3', '3 БайкалАвтоТрак', 2, '[]', 11, 1);
INSERT INTO public.django_admin_log VALUES (63, '2024-02-10 16:56:43.933098+08', '3', '3 БайкалАвтоТрак', 2, '[]', 11, 1);
INSERT INTO public.django_admin_log VALUES (64, '2024-02-10 16:57:08.665857+08', '3', '3 БайкалАвтоТрак', 2, '[]', 11, 1);
INSERT INTO public.django_admin_log VALUES (65, '2024-02-10 16:57:11.572166+08', '3', '3 БайкалАвтоТрак', 2, '[]', 11, 1);
INSERT INTO public.django_admin_log VALUES (66, '2024-02-10 16:58:40.233348+08', '3', '3 БайкалАвтоТрак', 2, '[]', 11, 1);
INSERT INTO public.django_admin_log VALUES (67, '2024-02-10 16:58:57.297566+08', '3', '3 БайкалАвтоТрак', 2, '[]', 11, 1);
INSERT INTO public.django_admin_log VALUES (68, '2024-02-10 16:59:28.703631+08', '3', '3 БайкалАвтоТрак', 2, '[]', 11, 1);
INSERT INTO public.django_admin_log VALUES (69, '2024-02-10 16:59:44.073033+08', '3', '3 БайкалАвтоТрак', 2, '[]', 11, 1);
INSERT INTO public.django_admin_log VALUES (70, '2024-02-10 17:00:19.062357+08', '3', '3 БайкалАвтоТрак', 3, '', 11, 1);
INSERT INTO public.django_admin_log VALUES (71, '2024-02-10 17:00:43.532062+08', '6', '6 БайкалАвтоТрак', 1, '[{"added": {}}]', 11, 1);
INSERT INTO public.django_admin_log VALUES (72, '2024-02-10 17:08:48.536998+08', '7', 'Volkswagen', 1, '[{"added": {}}]', 7, 1);
INSERT INTO public.django_admin_log VALUES (73, '2024-02-10 17:11:51.039138+08', '6', 'Volkswagen CGNA', 1, '[{"added": {}}]', 9, 1);
INSERT INTO public.django_admin_log VALUES (74, '2024-02-10 17:11:59.311534+08', '5', 'Дополнительные операции', 2, '[]', 8, 1);
INSERT INTO public.django_admin_log VALUES (75, '2024-02-10 17:12:50.326119+08', '12', 'Адаптация клапанов (Volkswagen CGNA)', 1, '[{"added": {}}]', 10, 1);
INSERT INTO public.django_admin_log VALUES (76, '2024-02-10 17:13:23.397505+08', '7', '7 Ildar', 1, '[{"added": {}}]', 11, 1);
INSERT INTO public.django_admin_log VALUES (77, '2024-02-10 17:13:30.683206+08', '7', '7 Ildar', 2, '[]', 11, 1);
INSERT INTO public.django_admin_log VALUES (78, '2024-02-10 17:13:47.974594+08', '7', '7 Ildar', 3, '', 11, 1);
INSERT INTO public.django_admin_log VALUES (79, '2024-02-10 17:14:06.177541+08', '8', '8 Ildar', 1, '[{"added": {}}]', 11, 1);
INSERT INTO public.django_admin_log VALUES (80, '2024-02-10 17:14:46.490558+08', '8', '8 Ildar', 2, '[]', 11, 1);
INSERT INTO public.django_admin_log VALUES (81, '2024-02-10 17:19:17.677976+08', '8', '8 Ildar', 2, '[{"changed": {"fields": ["\u0418\u0442\u043e\u0433\u043e\u0432\u0430\u044f \u0441\u0443\u043c\u043c\u0430"]}}]', 11, 1);
INSERT INTO public.django_admin_log VALUES (82, '2024-02-10 17:23:19.100421+08', '8', '8 Ildar', 2, '[]', 11, 1);
INSERT INTO public.django_admin_log VALUES (83, '2024-02-10 17:23:23.891009+08', '8', '8 Ildar', 3, '', 11, 1);
INSERT INTO public.django_admin_log VALUES (84, '2024-02-10 17:23:43.039757+08', '9', '9 БайкалАвтоТрак', 1, '[{"added": {}}]', 11, 1);
INSERT INTO public.django_admin_log VALUES (85, '2024-02-10 17:27:37.723824+08', '9', '9 БайкалАвтоТрак', 2, '[]', 11, 1);
INSERT INTO public.django_admin_log VALUES (86, '2024-02-10 17:27:39.895137+08', '9', '9 БайкалАвтоТрак', 2, '[]', 11, 1);
INSERT INTO public.django_admin_log VALUES (87, '2024-02-10 17:27:41.630008+08', '9', '9 БайкалАвтоТрак', 2, '[]', 11, 1);
INSERT INTO public.django_admin_log VALUES (88, '2024-02-10 17:27:56.565916+08', '9', '9 БайкалАвтоТрак', 3, '', 11, 1);
INSERT INTO public.django_admin_log VALUES (89, '2024-02-10 17:28:12.744257+08', '10', '10 Ildar', 1, '[{"added": {}}]', 11, 1);
INSERT INTO public.django_admin_log VALUES (90, '2024-02-10 17:28:19.645781+08', '10', '10 Ildar', 3, '', 11, 1);
INSERT INTO public.django_admin_log VALUES (91, '2024-02-10 17:28:34.954409+08', '11', '11 Ildar', 1, '[{"added": {}}]', 11, 1);
INSERT INTO public.django_admin_log VALUES (92, '2024-02-10 17:29:36.212262+08', '12', '12 Ildar', 2, '[]', 11, 1);
INSERT INTO public.django_admin_log VALUES (93, '2024-02-10 17:29:39.69704+08', '11', '11 Ildar', 3, '', 11, 1);
INSERT INTO public.django_admin_log VALUES (94, '2024-02-10 17:29:47.986099+08', '12', '12 Ildar', 3, '', 11, 1);
INSERT INTO public.django_admin_log VALUES (95, '2024-02-10 17:30:16.910785+08', '7', '7 Лосев Евгений', 1, '[{"added": {}}]', 11, 1);
INSERT INTO public.django_admin_log VALUES (96, '2024-02-10 17:30:21.204172+08', '8', '8 Лосев Евгений', 2, '[]', 11, 1);
INSERT INTO public.django_admin_log VALUES (97, '2024-02-10 17:30:45.679008+08', '8', '8 Лосев Евгений', 3, '', 11, 1);
INSERT INTO public.django_admin_log VALUES (98, '2024-02-11 17:28:47.241499+08', '8', 'Volvo', 1, '[{"added": {}}]', 7, 1);
INSERT INTO public.django_admin_log VALUES (99, '2024-02-11 17:29:02.938674+08', '9', 'SsangYoung', 1, '[{"added": {}}]', 7, 1);
INSERT INTO public.django_admin_log VALUES (100, '2024-02-11 17:29:15.193043+08', '9', 'Ssang Young', 2, '[{"changed": {"fields": ["\u041d\u0430\u0437\u0432\u0430\u043d\u0438\u0435"]}}]', 7, 1);
INSERT INTO public.django_admin_log VALUES (101, '2024-02-11 17:29:24.624723+08', '10', 'Mitsubishi', 1, '[{"added": {}}]', 7, 1);
INSERT INTO public.django_admin_log VALUES (102, '2024-02-11 17:30:04.643637+08', '7', 'Honda K24', 1, '[{"added": {}}]', 9, 1);
INSERT INTO public.django_admin_log VALUES (103, '2024-02-11 17:30:43.109424+08', '8', 'Nissan VQ56', 1, '[{"added": {}}]', 9, 1);
INSERT INTO public.django_admin_log VALUES (104, '2024-02-11 17:31:10.64955+08', '9', 'ВАЗ 21213', 1, '[{"added": {}}]', 9, 1);
INSERT INTO public.django_admin_log VALUES (105, '2024-02-11 17:33:16.503715+08', '7', '7 Лосев Евгений', 3, '', 11, 1);
INSERT INTO public.django_admin_log VALUES (106, '2024-02-19 21:00:35.313129+08', '7', '7 Лосев Евгений', 1, '[{"added": {}}]', 11, 1);
INSERT INTO public.django_admin_log VALUES (107, '2024-02-19 21:16:29.830583+08', '8', '8 БайкалАвтоТрак', 2, '[{"changed": {"fields": ["\u0421\u0442\u0430\u0442\u0443\u0441 \u0437\u0430\u043a\u0430\u0437\u0430"]}}]', 11, 1);
INSERT INTO public.django_admin_log VALUES (108, '2024-02-21 18:02:25.013854+08', '6', '6 БайкалАвтоТрак', 3, '', 11, 1);


--
-- TOC entry 3554 (class 0 OID 17342)
-- Dependencies: 217
-- Data for Name: django_content_type; Type: TABLE DATA; Schema: public; Owner: postgres
--

INSERT INTO public.django_content_type VALUES (1, 'admin', 'logentry');
INSERT INTO public.django_content_type VALUES (2, 'auth', 'permission');
INSERT INTO public.django_content_type VALUES (3, 'auth', 'group');
INSERT INTO public.django_content_type VALUES (4, 'auth', 'user');
INSERT INTO public.django_content_type VALUES (5, 'contenttypes', 'contenttype');
INSERT INTO public.django_content_type VALUES (6, 'sessions', 'session');
INSERT INTO public.django_content_type VALUES (7, 'core', 'carbrand');
INSERT INTO public.django_content_type VALUES (8, 'core', 'categoryoperations');
INSERT INTO public.django_content_type VALUES (9, 'core', 'engine');
INSERT INTO public.django_content_type VALUES (10, 'core', 'operation');
INSERT INTO public.django_content_type VALUES (11, 'core', 'order');


--
-- TOC entry 3552 (class 0 OID 17334)
-- Dependencies: 215
-- Data for Name: django_migrations; Type: TABLE DATA; Schema: public; Owner: postgres
--

INSERT INTO public.django_migrations VALUES (1, 'contenttypes', '0001_initial', '2024-02-10 14:47:21.222593+08');
INSERT INTO public.django_migrations VALUES (2, 'auth', '0001_initial', '2024-02-10 14:47:21.282318+08');
INSERT INTO public.django_migrations VALUES (3, 'admin', '0001_initial', '2024-02-10 14:47:21.297843+08');
INSERT INTO public.django_migrations VALUES (4, 'admin', '0002_logentry_remove_auto_add', '2024-02-10 14:47:21.304404+08');
INSERT INTO public.django_migrations VALUES (5, 'admin', '0003_logentry_add_action_flag_choices', '2024-02-10 14:47:21.310253+08');
INSERT INTO public.django_migrations VALUES (6, 'contenttypes', '0002_remove_content_type_name', '2024-02-10 14:47:21.321134+08');
INSERT INTO public.django_migrations VALUES (7, 'auth', '0002_alter_permission_name_max_length', '2024-02-10 14:47:21.328036+08');
INSERT INTO public.django_migrations VALUES (8, 'auth', '0003_alter_user_email_max_length', '2024-02-10 14:47:21.333856+08');
INSERT INTO public.django_migrations VALUES (9, 'auth', '0004_alter_user_username_opts', '2024-02-10 14:47:21.339844+08');
INSERT INTO public.django_migrations VALUES (10, 'auth', '0005_alter_user_last_login_null', '2024-02-10 14:47:21.346006+08');
INSERT INTO public.django_migrations VALUES (11, 'auth', '0006_require_contenttypes_0002', '2024-02-10 14:47:21.348738+08');
INSERT INTO public.django_migrations VALUES (12, 'auth', '0007_alter_validators_add_error_messages', '2024-02-10 14:47:21.354879+08');
INSERT INTO public.django_migrations VALUES (13, 'auth', '0008_alter_user_username_max_length', '2024-02-10 14:47:21.363944+08');
INSERT INTO public.django_migrations VALUES (14, 'auth', '0009_alter_user_last_name_max_length', '2024-02-10 14:47:21.369974+08');
INSERT INTO public.django_migrations VALUES (15, 'auth', '0010_alter_group_name_max_length', '2024-02-10 14:47:21.377912+08');
INSERT INTO public.django_migrations VALUES (16, 'auth', '0011_update_proxy_permissions', '2024-02-10 14:47:21.383894+08');
INSERT INTO public.django_migrations VALUES (17, 'auth', '0012_alter_user_first_name_max_length', '2024-02-10 14:47:21.390614+08');
INSERT INTO public.django_migrations VALUES (18, 'core', '0001_initial', '2024-02-10 14:47:21.466265+08');
INSERT INTO public.django_migrations VALUES (19, 'sessions', '0001_initial', '2024-02-10 14:47:21.477898+08');
INSERT INTO public.django_migrations VALUES (20, 'core', '0002_engine_brand_alter_engine_engine_type_and_more', '2024-02-10 14:51:42.279448+08');
INSERT INTO public.django_migrations VALUES (21, 'core', '0003_alter_carbrand_title_alter_engine_engine_type_and_more', '2024-02-10 17:08:20.473704+08');
INSERT INTO public.django_migrations VALUES (22, 'core', '0004_order_status_alter_engine_engine_type_and_more', '2024-02-19 20:49:31.594375+08');


--
-- TOC entry 3581 (class 0 OID 17554)
-- Dependencies: 244
-- Data for Name: django_session; Type: TABLE DATA; Schema: public; Owner: postgres
--

INSERT INTO public.django_session VALUES ('zuzv9pguqoyktpv14i9cs5s6kos5diql', '.eJxVjEEOwiAQRe_C2hBhChSX7nsGMgyDVA0kpV0Z765NutDtf-_9lwi4rSVsnZcwJ3ERSpx-t4j04LqDdMd6a5JaXZc5yl2RB-1yaomf18P9OyjYy7cGHmxWMJCBcUA0iPnsMwBQhKQdWNRWW6fjyMbnpMgp5YgpQwLvshPvD9q9N9Y:1rYh9h:ggcPu9b5mc5tmrHQf60Dg7g4AIzmOfqBxd8wLTwAfeA', '2024-02-24 14:48:05.769132+08');


--
-- TOC entry 3588 (class 0 OID 0)
-- Dependencies: 220
-- Name: auth_group_id_seq; Type: SEQUENCE SET; Schema: public; Owner: postgres
--

SELECT pg_catalog.setval('public.auth_group_id_seq', 1, false);


--
-- TOC entry 3589 (class 0 OID 0)
-- Dependencies: 222
-- Name: auth_group_permissions_id_seq; Type: SEQUENCE SET; Schema: public; Owner: postgres
--

SELECT pg_catalog.setval('public.auth_group_permissions_id_seq', 1, false);


--
-- TOC entry 3590 (class 0 OID 0)
-- Dependencies: 218
-- Name: auth_permission_id_seq; Type: SEQUENCE SET; Schema: public; Owner: postgres
--

SELECT pg_catalog.setval('public.auth_permission_id_seq', 44, true);


--
-- TOC entry 3591 (class 0 OID 0)
-- Dependencies: 226
-- Name: auth_user_groups_id_seq; Type: SEQUENCE SET; Schema: public; Owner: postgres
--

SELECT pg_catalog.setval('public.auth_user_groups_id_seq', 1, false);


--
-- TOC entry 3592 (class 0 OID 0)
-- Dependencies: 224
-- Name: auth_user_id_seq; Type: SEQUENCE SET; Schema: public; Owner: postgres
--

SELECT pg_catalog.setval('public.auth_user_id_seq', 1, true);


--
-- TOC entry 3593 (class 0 OID 0)
-- Dependencies: 228
-- Name: auth_user_user_permissions_id_seq; Type: SEQUENCE SET; Schema: public; Owner: postgres
--

SELECT pg_catalog.setval('public.auth_user_user_permissions_id_seq', 1, false);


--
-- TOC entry 3594 (class 0 OID 0)
-- Dependencies: 232
-- Name: core_carbrand_id_seq; Type: SEQUENCE SET; Schema: public; Owner: postgres
--

SELECT pg_catalog.setval('public.core_carbrand_id_seq', 10, true);


--
-- TOC entry 3595 (class 0 OID 0)
-- Dependencies: 234
-- Name: core_categoryoperations_id_seq; Type: SEQUENCE SET; Schema: public; Owner: postgres
--

SELECT pg_catalog.setval('public.core_categoryoperations_id_seq', 5, true);


--
-- TOC entry 3596 (class 0 OID 0)
-- Dependencies: 236
-- Name: core_engine_id_seq; Type: SEQUENCE SET; Schema: public; Owner: postgres
--

SELECT pg_catalog.setval('public.core_engine_id_seq', 9, true);


--
-- TOC entry 3597 (class 0 OID 0)
-- Dependencies: 238
-- Name: core_operation_id_seq; Type: SEQUENCE SET; Schema: public; Owner: postgres
--

SELECT pg_catalog.setval('public.core_operation_id_seq', 12, true);


--
-- TOC entry 3598 (class 0 OID 0)
-- Dependencies: 240
-- Name: core_order_id_seq; Type: SEQUENCE SET; Schema: public; Owner: postgres
--

SELECT pg_catalog.setval('public.core_order_id_seq', 11, true);


--
-- TOC entry 3599 (class 0 OID 0)
-- Dependencies: 242
-- Name: core_order_operation_id_seq; Type: SEQUENCE SET; Schema: public; Owner: postgres
--

SELECT pg_catalog.setval('public.core_order_operation_id_seq', 53, true);


--
-- TOC entry 3600 (class 0 OID 0)
-- Dependencies: 230
-- Name: django_admin_log_id_seq; Type: SEQUENCE SET; Schema: public; Owner: postgres
--

SELECT pg_catalog.setval('public.django_admin_log_id_seq', 108, true);


--
-- TOC entry 3601 (class 0 OID 0)
-- Dependencies: 216
-- Name: django_content_type_id_seq; Type: SEQUENCE SET; Schema: public; Owner: postgres
--

SELECT pg_catalog.setval('public.django_content_type_id_seq', 11, true);


--
-- TOC entry 3602 (class 0 OID 0)
-- Dependencies: 214
-- Name: django_migrations_id_seq; Type: SEQUENCE SET; Schema: public; Owner: postgres
--

SELECT pg_catalog.setval('public.django_migrations_id_seq', 22, true);


--
-- TOC entry 3327 (class 2606 OID 17468)
-- Name: auth_group auth_group_name_key; Type: CONSTRAINT; Schema: public; Owner: postgres
--

ALTER TABLE ONLY public.auth_group
    ADD CONSTRAINT auth_group_name_key UNIQUE (name);


--
-- TOC entry 3332 (class 2606 OID 17399)
-- Name: auth_group_permissions auth_group_permissions_group_id_permission_id_0cd325b0_uniq; Type: CONSTRAINT; Schema: public; Owner: postgres
--

ALTER TABLE ONLY public.auth_group_permissions
    ADD CONSTRAINT auth_group_permissions_group_id_permission_id_0cd325b0_uniq UNIQUE (group_id, permission_id);


--
-- TOC entry 3335 (class 2606 OID 17368)
-- Name: auth_group_permissions auth_group_permissions_pkey; Type: CONSTRAINT; Schema: public; Owner: postgres
--

ALTER TABLE ONLY public.auth_group_permissions
    ADD CONSTRAINT auth_group_permissions_pkey PRIMARY KEY (id);


--
-- TOC entry 3329 (class 2606 OID 17360)
-- Name: auth_group auth_group_pkey; Type: CONSTRAINT; Schema: public; Owner: postgres
--

ALTER TABLE ONLY public.auth_group
    ADD CONSTRAINT auth_group_pkey PRIMARY KEY (id);


--
-- TOC entry 3322 (class 2606 OID 17390)
-- Name: auth_permission auth_permission_content_type_id_codename_01ab375a_uniq; Type: CONSTRAINT; Schema: public; Owner: postgres
--

ALTER TABLE ONLY public.auth_permission
    ADD CONSTRAINT auth_permission_content_type_id_codename_01ab375a_uniq UNIQUE (content_type_id, codename);


--
-- TOC entry 3324 (class 2606 OID 17354)
-- Name: auth_permission auth_permission_pkey; Type: CONSTRAINT; Schema: public; Owner: postgres
--

ALTER TABLE ONLY public.auth_permission
    ADD CONSTRAINT auth_permission_pkey PRIMARY KEY (id);


--
-- TOC entry 3343 (class 2606 OID 17382)
-- Name: auth_user_groups auth_user_groups_pkey; Type: CONSTRAINT; Schema: public; Owner: postgres
--

ALTER TABLE ONLY public.auth_user_groups
    ADD CONSTRAINT auth_user_groups_pkey PRIMARY KEY (id);


--
-- TOC entry 3346 (class 2606 OID 17414)
-- Name: auth_user_groups auth_user_groups_user_id_group_id_94350c0c_uniq; Type: CONSTRAINT; Schema: public; Owner: postgres
--

ALTER TABLE ONLY public.auth_user_groups
    ADD CONSTRAINT auth_user_groups_user_id_group_id_94350c0c_uniq UNIQUE (user_id, group_id);


--
-- TOC entry 3337 (class 2606 OID 17374)
-- Name: auth_user auth_user_pkey; Type: CONSTRAINT; Schema: public; Owner: postgres
--

ALTER TABLE ONLY public.auth_user
    ADD CONSTRAINT auth_user_pkey PRIMARY KEY (id);


--
-- TOC entry 3349 (class 2606 OID 17388)
-- Name: auth_user_user_permissions auth_user_user_permissions_pkey; Type: CONSTRAINT; Schema: public; Owner: postgres
--

ALTER TABLE ONLY public.auth_user_user_permissions
    ADD CONSTRAINT auth_user_user_permissions_pkey PRIMARY KEY (id);


--
-- TOC entry 3352 (class 2606 OID 17428)
-- Name: auth_user_user_permissions auth_user_user_permissions_user_id_permission_id_14a6b632_uniq; Type: CONSTRAINT; Schema: public; Owner: postgres
--

ALTER TABLE ONLY public.auth_user_user_permissions
    ADD CONSTRAINT auth_user_user_permissions_user_id_permission_id_14a6b632_uniq UNIQUE (user_id, permission_id);


--
-- TOC entry 3340 (class 2606 OID 17463)
-- Name: auth_user auth_user_username_key; Type: CONSTRAINT; Schema: public; Owner: postgres
--

ALTER TABLE ONLY public.auth_user
    ADD CONSTRAINT auth_user_username_key UNIQUE (username);


--
-- TOC entry 3358 (class 2606 OID 17475)
-- Name: core_carbrand core_carbrand_pkey; Type: CONSTRAINT; Schema: public; Owner: postgres
--

ALTER TABLE ONLY public.core_carbrand
    ADD CONSTRAINT core_carbrand_pkey PRIMARY KEY (id);


--
-- TOC entry 3360 (class 2606 OID 17481)
-- Name: core_categoryoperations core_categoryoperations_pkey; Type: CONSTRAINT; Schema: public; Owner: postgres
--

ALTER TABLE ONLY public.core_categoryoperations
    ADD CONSTRAINT core_categoryoperations_pkey PRIMARY KEY (id);


--
-- TOC entry 3366 (class 2606 OID 17489)
-- Name: core_engine core_engine_pkey; Type: CONSTRAINT; Schema: public; Owner: postgres
--

ALTER TABLE ONLY public.core_engine
    ADD CONSTRAINT core_engine_pkey PRIMARY KEY (id);


--
-- TOC entry 3375 (class 2606 OID 17496)
-- Name: core_operation core_operation_pkey; Type: CONSTRAINT; Schema: public; Owner: postgres
--

ALTER TABLE ONLY public.core_operation
    ADD CONSTRAINT core_operation_pkey PRIMARY KEY (id);


--
-- TOC entry 3387 (class 2606 OID 17541)
-- Name: core_order_operation core_order_operation_order_id_operation_id_4b870417_uniq; Type: CONSTRAINT; Schema: public; Owner: postgres
--

ALTER TABLE ONLY public.core_order_operation
    ADD CONSTRAINT core_order_operation_order_id_operation_id_4b870417_uniq UNIQUE (order_id, operation_id);


--
-- TOC entry 3389 (class 2606 OID 17511)
-- Name: core_order_operation core_order_operation_pkey; Type: CONSTRAINT; Schema: public; Owner: postgres
--

ALTER TABLE ONLY public.core_order_operation
    ADD CONSTRAINT core_order_operation_pkey PRIMARY KEY (id);


--
-- TOC entry 3383 (class 2606 OID 17505)
-- Name: core_order core_order_pkey; Type: CONSTRAINT; Schema: public; Owner: postgres
--

ALTER TABLE ONLY public.core_order
    ADD CONSTRAINT core_order_pkey PRIMARY KEY (id);


--
-- TOC entry 3355 (class 2606 OID 17449)
-- Name: django_admin_log django_admin_log_pkey; Type: CONSTRAINT; Schema: public; Owner: postgres
--

ALTER TABLE ONLY public.django_admin_log
    ADD CONSTRAINT django_admin_log_pkey PRIMARY KEY (id);


--
-- TOC entry 3317 (class 2606 OID 17348)
-- Name: django_content_type django_content_type_app_label_model_76bd3d3b_uniq; Type: CONSTRAINT; Schema: public; Owner: postgres
--

ALTER TABLE ONLY public.django_content_type
    ADD CONSTRAINT django_content_type_app_label_model_76bd3d3b_uniq UNIQUE (app_label, model);


--
-- TOC entry 3319 (class 2606 OID 17346)
-- Name: django_content_type django_content_type_pkey; Type: CONSTRAINT; Schema: public; Owner: postgres
--

ALTER TABLE ONLY public.django_content_type
    ADD CONSTRAINT django_content_type_pkey PRIMARY KEY (id);


--
-- TOC entry 3315 (class 2606 OID 17340)
-- Name: django_migrations django_migrations_pkey; Type: CONSTRAINT; Schema: public; Owner: postgres
--

ALTER TABLE ONLY public.django_migrations
    ADD CONSTRAINT django_migrations_pkey PRIMARY KEY (id);


--
-- TOC entry 3392 (class 2606 OID 17560)
-- Name: django_session django_session_pkey; Type: CONSTRAINT; Schema: public; Owner: postgres
--

ALTER TABLE ONLY public.django_session
    ADD CONSTRAINT django_session_pkey PRIMARY KEY (session_key);


--
-- TOC entry 3325 (class 1259 OID 17469)
-- Name: auth_group_name_a6ea08ec_like; Type: INDEX; Schema: public; Owner: postgres
--

CREATE INDEX auth_group_name_a6ea08ec_like ON public.auth_group USING btree (name varchar_pattern_ops);


--
-- TOC entry 3330 (class 1259 OID 17410)
-- Name: auth_group_permissions_group_id_b120cbf9; Type: INDEX; Schema: public; Owner: postgres
--

CREATE INDEX auth_group_permissions_group_id_b120cbf9 ON public.auth_group_permissions USING btree (group_id);


--
-- TOC entry 3333 (class 1259 OID 17411)
-- Name: auth_group_permissions_permission_id_84c5c92e; Type: INDEX; Schema: public; Owner: postgres
--

CREATE INDEX auth_group_permissions_permission_id_84c5c92e ON public.auth_group_permissions USING btree (permission_id);


--
-- TOC entry 3320 (class 1259 OID 17396)
-- Name: auth_permission_content_type_id_2f476e4b; Type: INDEX; Schema: public; Owner: postgres
--

CREATE INDEX auth_permission_content_type_id_2f476e4b ON public.auth_permission USING btree (content_type_id);


--
-- TOC entry 3341 (class 1259 OID 17426)
-- Name: auth_user_groups_group_id_97559544; Type: INDEX; Schema: public; Owner: postgres
--

CREATE INDEX auth_user_groups_group_id_97559544 ON public.auth_user_groups USING btree (group_id);


--
-- TOC entry 3344 (class 1259 OID 17425)
-- Name: auth_user_groups_user_id_6a12ed8b; Type: INDEX; Schema: public; Owner: postgres
--

CREATE INDEX auth_user_groups_user_id_6a12ed8b ON public.auth_user_groups USING btree (user_id);


--
-- TOC entry 3347 (class 1259 OID 17440)
-- Name: auth_user_user_permissions_permission_id_1fbb5f2c; Type: INDEX; Schema: public; Owner: postgres
--

CREATE INDEX auth_user_user_permissions_permission_id_1fbb5f2c ON public.auth_user_user_permissions USING btree (permission_id);


--
-- TOC entry 3350 (class 1259 OID 17439)
-- Name: auth_user_user_permissions_user_id_a95ead1b; Type: INDEX; Schema: public; Owner: postgres
--

CREATE INDEX auth_user_user_permissions_user_id_a95ead1b ON public.auth_user_user_permissions USING btree (user_id);


--
-- TOC entry 3338 (class 1259 OID 17464)
-- Name: auth_user_username_6821ab7c_like; Type: INDEX; Schema: public; Owner: postgres
--

CREATE INDEX auth_user_username_6821ab7c_like ON public.auth_user USING btree (username varchar_pattern_ops);


--
-- TOC entry 3361 (class 1259 OID 17516)
-- Name: core_categoryoperations_slug_721d92cf; Type: INDEX; Schema: public; Owner: postgres
--

CREATE INDEX core_categoryoperations_slug_721d92cf ON public.core_categoryoperations USING btree (slug);


--
-- TOC entry 3362 (class 1259 OID 17517)
-- Name: core_categoryoperations_slug_721d92cf_like; Type: INDEX; Schema: public; Owner: postgres
--

CREATE INDEX core_categoryoperations_slug_721d92cf_like ON public.core_categoryoperations USING btree (slug varchar_pattern_ops);


--
-- TOC entry 3363 (class 1259 OID 17569)
-- Name: core_engine_brand_id_c7b740b9; Type: INDEX; Schema: public; Owner: postgres
--

CREATE INDEX core_engine_brand_id_c7b740b9 ON public.core_engine USING btree (brand_id);


--
-- TOC entry 3364 (class 1259 OID 17513)
-- Name: core_engine_engine__f2b4cc_idx; Type: INDEX; Schema: public; Owner: postgres
--

CREATE INDEX core_engine_engine__f2b4cc_idx ON public.core_engine USING btree (engine_type);


--
-- TOC entry 3367 (class 1259 OID 17518)
-- Name: core_engine_slug_d1e21653; Type: INDEX; Schema: public; Owner: postgres
--

CREATE INDEX core_engine_slug_d1e21653 ON public.core_engine USING btree (slug);


--
-- TOC entry 3368 (class 1259 OID 17519)
-- Name: core_engine_slug_d1e21653_like; Type: INDEX; Schema: public; Owner: postgres
--

CREATE INDEX core_engine_slug_d1e21653_like ON public.core_engine USING btree (slug varchar_pattern_ops);


--
-- TOC entry 3369 (class 1259 OID 17512)
-- Name: core_engine_title_6e4a0e_idx; Type: INDEX; Schema: public; Owner: postgres
--

CREATE INDEX core_engine_title_6e4a0e_idx ON public.core_engine USING btree (title);


--
-- TOC entry 3370 (class 1259 OID 17515)
-- Name: core_operat_engine__7df314_idx; Type: INDEX; Schema: public; Owner: postgres
--

CREATE INDEX core_operat_engine__7df314_idx ON public.core_operation USING btree (engine_id);


--
-- TOC entry 3371 (class 1259 OID 17514)
-- Name: core_operat_title_c79dcd_idx; Type: INDEX; Schema: public; Owner: postgres
--

CREATE INDEX core_operat_title_c79dcd_idx ON public.core_operation USING btree (title);


--
-- TOC entry 3372 (class 1259 OID 17532)
-- Name: core_operation_category_id_8161b3d1; Type: INDEX; Schema: public; Owner: postgres
--

CREATE INDEX core_operation_category_id_8161b3d1 ON public.core_operation USING btree (category_id);


--
-- TOC entry 3373 (class 1259 OID 17533)
-- Name: core_operation_engine_id_197d84b4; Type: INDEX; Schema: public; Owner: postgres
--

CREATE INDEX core_operation_engine_id_197d84b4 ON public.core_operation USING btree (engine_id);


--
-- TOC entry 3376 (class 1259 OID 17530)
-- Name: core_operation_slug_6e21bb78; Type: INDEX; Schema: public; Owner: postgres
--

CREATE INDEX core_operation_slug_6e21bb78 ON public.core_operation USING btree (slug);


--
-- TOC entry 3377 (class 1259 OID 17531)
-- Name: core_operation_slug_6e21bb78_like; Type: INDEX; Schema: public; Owner: postgres
--

CREATE INDEX core_operation_slug_6e21bb78_like ON public.core_operation USING btree (slug varchar_pattern_ops);


--
-- TOC entry 3378 (class 1259 OID 17571)
-- Name: core_order_custome_5cda00_idx; Type: INDEX; Schema: public; Owner: postgres
--

CREATE INDEX core_order_custome_5cda00_idx ON public.core_order USING btree (customer_name);


--
-- TOC entry 3379 (class 1259 OID 17572)
-- Name: core_order_engine__0852e7_idx; Type: INDEX; Schema: public; Owner: postgres
--

CREATE INDEX core_order_engine__0852e7_idx ON public.core_order USING btree (engine_id);


--
-- TOC entry 3380 (class 1259 OID 17539)
-- Name: core_order_engine_id_53de69a4; Type: INDEX; Schema: public; Owner: postgres
--

CREATE INDEX core_order_engine_id_53de69a4 ON public.core_order USING btree (engine_id);


--
-- TOC entry 3381 (class 1259 OID 17570)
-- Name: core_order_id_411167_idx; Type: INDEX; Schema: public; Owner: postgres
--

CREATE INDEX core_order_id_411167_idx ON public.core_order USING btree (id);


--
-- TOC entry 3384 (class 1259 OID 17553)
-- Name: core_order_operation_operation_id_d22e5cb6; Type: INDEX; Schema: public; Owner: postgres
--

CREATE INDEX core_order_operation_operation_id_d22e5cb6 ON public.core_order_operation USING btree (operation_id);


--
-- TOC entry 3385 (class 1259 OID 17552)
-- Name: core_order_operation_order_id_4afdfe00; Type: INDEX; Schema: public; Owner: postgres
--

CREATE INDEX core_order_operation_order_id_4afdfe00 ON public.core_order_operation USING btree (order_id);


--
-- TOC entry 3353 (class 1259 OID 17460)
-- Name: django_admin_log_content_type_id_c4bce8eb; Type: INDEX; Schema: public; Owner: postgres
--

CREATE INDEX django_admin_log_content_type_id_c4bce8eb ON public.django_admin_log USING btree (content_type_id);


--
-- TOC entry 3356 (class 1259 OID 17461)
-- Name: django_admin_log_user_id_c564eba6; Type: INDEX; Schema: public; Owner: postgres
--

CREATE INDEX django_admin_log_user_id_c564eba6 ON public.django_admin_log USING btree (user_id);


--
-- TOC entry 3390 (class 1259 OID 17562)
-- Name: django_session_expire_date_a5c62663; Type: INDEX; Schema: public; Owner: postgres
--

CREATE INDEX django_session_expire_date_a5c62663 ON public.django_session USING btree (expire_date);


--
-- TOC entry 3393 (class 1259 OID 17561)
-- Name: django_session_session_key_c0390e0f_like; Type: INDEX; Schema: public; Owner: postgres
--

CREATE INDEX django_session_session_key_c0390e0f_like ON public.django_session USING btree (session_key varchar_pattern_ops);


--
-- TOC entry 3395 (class 2606 OID 17405)
-- Name: auth_group_permissions auth_group_permissio_permission_id_84c5c92e_fk_auth_perm; Type: FK CONSTRAINT; Schema: public; Owner: postgres
--

ALTER TABLE ONLY public.auth_group_permissions
    ADD CONSTRAINT auth_group_permissio_permission_id_84c5c92e_fk_auth_perm FOREIGN KEY (permission_id) REFERENCES public.auth_permission(id) DEFERRABLE INITIALLY DEFERRED;


--
-- TOC entry 3396 (class 2606 OID 17400)
-- Name: auth_group_permissions auth_group_permissions_group_id_b120cbf9_fk_auth_group_id; Type: FK CONSTRAINT; Schema: public; Owner: postgres
--

ALTER TABLE ONLY public.auth_group_permissions
    ADD CONSTRAINT auth_group_permissions_group_id_b120cbf9_fk_auth_group_id FOREIGN KEY (group_id) REFERENCES public.auth_group(id) DEFERRABLE INITIALLY DEFERRED;


--
-- TOC entry 3394 (class 2606 OID 17391)
-- Name: auth_permission auth_permission_content_type_id_2f476e4b_fk_django_co; Type: FK CONSTRAINT; Schema: public; Owner: postgres
--

ALTER TABLE ONLY public.auth_permission
    ADD CONSTRAINT auth_permission_content_type_id_2f476e4b_fk_django_co FOREIGN KEY (content_type_id) REFERENCES public.django_content_type(id) DEFERRABLE INITIALLY DEFERRED;


--
-- TOC entry 3397 (class 2606 OID 17420)
-- Name: auth_user_groups auth_user_groups_group_id_97559544_fk_auth_group_id; Type: FK CONSTRAINT; Schema: public; Owner: postgres
--

ALTER TABLE ONLY public.auth_user_groups
    ADD CONSTRAINT auth_user_groups_group_id_97559544_fk_auth_group_id FOREIGN KEY (group_id) REFERENCES public.auth_group(id) DEFERRABLE INITIALLY DEFERRED;


--
-- TOC entry 3398 (class 2606 OID 17415)
-- Name: auth_user_groups auth_user_groups_user_id_6a12ed8b_fk_auth_user_id; Type: FK CONSTRAINT; Schema: public; Owner: postgres
--

ALTER TABLE ONLY public.auth_user_groups
    ADD CONSTRAINT auth_user_groups_user_id_6a12ed8b_fk_auth_user_id FOREIGN KEY (user_id) REFERENCES public.auth_user(id) DEFERRABLE INITIALLY DEFERRED;


--
-- TOC entry 3399 (class 2606 OID 17434)
-- Name: auth_user_user_permissions auth_user_user_permi_permission_id_1fbb5f2c_fk_auth_perm; Type: FK CONSTRAINT; Schema: public; Owner: postgres
--

ALTER TABLE ONLY public.auth_user_user_permissions
    ADD CONSTRAINT auth_user_user_permi_permission_id_1fbb5f2c_fk_auth_perm FOREIGN KEY (permission_id) REFERENCES public.auth_permission(id) DEFERRABLE INITIALLY DEFERRED;


--
-- TOC entry 3400 (class 2606 OID 17429)
-- Name: auth_user_user_permissions auth_user_user_permissions_user_id_a95ead1b_fk_auth_user_id; Type: FK CONSTRAINT; Schema: public; Owner: postgres
--

ALTER TABLE ONLY public.auth_user_user_permissions
    ADD CONSTRAINT auth_user_user_permissions_user_id_a95ead1b_fk_auth_user_id FOREIGN KEY (user_id) REFERENCES public.auth_user(id) DEFERRABLE INITIALLY DEFERRED;


--
-- TOC entry 3403 (class 2606 OID 17564)
-- Name: core_engine core_engine_brand_id_c7b740b9_fk_core_carbrand_id; Type: FK CONSTRAINT; Schema: public; Owner: postgres
--

ALTER TABLE ONLY public.core_engine
    ADD CONSTRAINT core_engine_brand_id_c7b740b9_fk_core_carbrand_id FOREIGN KEY (brand_id) REFERENCES public.core_carbrand(id) DEFERRABLE INITIALLY DEFERRED;


--
-- TOC entry 3404 (class 2606 OID 17520)
-- Name: core_operation core_operation_category_id_8161b3d1_fk_core_cate; Type: FK CONSTRAINT; Schema: public; Owner: postgres
--

ALTER TABLE ONLY public.core_operation
    ADD CONSTRAINT core_operation_category_id_8161b3d1_fk_core_cate FOREIGN KEY (category_id) REFERENCES public.core_categoryoperations(id) DEFERRABLE INITIALLY DEFERRED;


--
-- TOC entry 3405 (class 2606 OID 17525)
-- Name: core_operation core_operation_engine_id_197d84b4_fk_core_engine_id; Type: FK CONSTRAINT; Schema: public; Owner: postgres
--

ALTER TABLE ONLY public.core_operation
    ADD CONSTRAINT core_operation_engine_id_197d84b4_fk_core_engine_id FOREIGN KEY (engine_id) REFERENCES public.core_engine(id) DEFERRABLE INITIALLY DEFERRED;


--
-- TOC entry 3406 (class 2606 OID 17534)
-- Name: core_order core_order_engine_id_53de69a4_fk_core_engine_id; Type: FK CONSTRAINT; Schema: public; Owner: postgres
--

ALTER TABLE ONLY public.core_order
    ADD CONSTRAINT core_order_engine_id_53de69a4_fk_core_engine_id FOREIGN KEY (engine_id) REFERENCES public.core_engine(id) DEFERRABLE INITIALLY DEFERRED;


--
-- TOC entry 3407 (class 2606 OID 17547)
-- Name: core_order_operation core_order_operation_operation_id_d22e5cb6_fk_core_operation_id; Type: FK CONSTRAINT; Schema: public; Owner: postgres
--

ALTER TABLE ONLY public.core_order_operation
    ADD CONSTRAINT core_order_operation_operation_id_d22e5cb6_fk_core_operation_id FOREIGN KEY (operation_id) REFERENCES public.core_operation(id) DEFERRABLE INITIALLY DEFERRED;


--
-- TOC entry 3408 (class 2606 OID 17542)
-- Name: core_order_operation core_order_operation_order_id_4afdfe00_fk_core_order_id; Type: FK CONSTRAINT; Schema: public; Owner: postgres
--

ALTER TABLE ONLY public.core_order_operation
    ADD CONSTRAINT core_order_operation_order_id_4afdfe00_fk_core_order_id FOREIGN KEY (order_id) REFERENCES public.core_order(id) DEFERRABLE INITIALLY DEFERRED;


--
-- TOC entry 3401 (class 2606 OID 17450)
-- Name: django_admin_log django_admin_log_content_type_id_c4bce8eb_fk_django_co; Type: FK CONSTRAINT; Schema: public; Owner: postgres
--

ALTER TABLE ONLY public.django_admin_log
    ADD CONSTRAINT django_admin_log_content_type_id_c4bce8eb_fk_django_co FOREIGN KEY (content_type_id) REFERENCES public.django_content_type(id) DEFERRABLE INITIALLY DEFERRED;


--
-- TOC entry 3402 (class 2606 OID 17455)
-- Name: django_admin_log django_admin_log_user_id_c564eba6_fk_auth_user_id; Type: FK CONSTRAINT; Schema: public; Owner: postgres
--

ALTER TABLE ONLY public.django_admin_log
    ADD CONSTRAINT django_admin_log_user_id_c564eba6_fk_auth_user_id FOREIGN KEY (user_id) REFERENCES public.auth_user(id) DEFERRABLE INITIALLY DEFERRED;


-- Completed on 2024-02-26 18:08:42 +08

--
-- PostgreSQL database dump complete
--

